{
  "attack": {
    "Albania": 1.0354554610147664,
    "Algeria": 1.165237260847553,
    "Andorra": -3.7185026710334186,
    "Angola": -2.1536323637591277,
    "Argentina": 1.1622558852436433,
    "Armenia": 0.9527869953191594,
    "Australia": 0.6178395834125078,
    "Austria": 1.089210673515517,
    "Azerbaijan": 0.6789027861703446,
    "Bahrain": 0.31814665215250626,
    "Belarus": -0.19263007241275706,
    "Belgium": 1.5722426906778253,
    "Bermuda": -0.23536183114907627,
    "Bolivia": -0.5394320577462748,
    "Bosnia-Herzegovina": 0.7355254439873578,
    "Botswana": 0.9635184287520965,
    "Brazil": 1.2980502478071263,
    "Bulgaria": -0.7415426602649569,
    "Burkina Faso": -2.4753745678601033,
    "Burundi": -1.6601653018379012,
    "Cameroon": -4.125890704658856,
    "Canada": 0.7312724533500203,
    "Cape Verde": 0.7345799200393313,
    "Central African Republic": -2.9416050460139633,
    "Chad": 0.6296590247795205,
    "Chile": 0.7898930397719469,
    "China": 0.2860809014746423,
    "Colombia": 1.248526746783037,
    "Comoros": -2.5507746132770777,
    "Congo": -1.4576415633228512,
    "Congo DR": 0.8271375981655709,
    "Costa Rica": 0.6651995255483137,
    "Croatia": 0.6048664767337226,
    "Cura\u00e7ao": -0.5396995411445843,
    "Cyprus": 0.05793180022912288,
    "Czechia": 0.45561657076811235,
    "Denmark": 0.47625083374145233,
    "Djibouti": -2.405630593628425,
    "Dominican Republic": 0.3992072201936234,
    "Ecuador": 0.3484629132893826,
    "Egypt": 1.029824819520548,
    "El Salvador": -6.07579731421685,
    "England": 1.004114174842848,
    "Equatorial Guinea": -3.4768267025099875,
    "Estonia": 0.8946788365787085,
    "Eswatini": -2.804434263443815,
    "Ethiopia": -2.1832357817821326,
    "Faroe Islands": 0.35992108065767425,
    "Finland": 0.07148914169213279,
    "France": 1.4017484820689512,
    "Gabon": -0.11216475937278872,
    "Gambia": -1.9567240132561483,
    "Georgia": 0.3258413281173379,
    "Germany": 1.6098698742458792,
    "Ghana": -0.1859371756677939,
    "Gibraltar": -4.388410497317595,
    "Greece": 0.9103824609773774,
    "Guatemala": 0.0957935546428026,
    "Guinea": -2.9463063682184893,
    "Guinea-Bissau": -2.0486115084643637,
    "Haiti": 0.4854394598892306,
    "Honduras": 0.4617614905749271,
    "Hungary": 1.887755990815869,
    "Iceland": 1.2001808478371596,
    "Indonesia": 0.3319678773620423,
    "Iran": 0.6725958830792247,
    "Iraq": -0.10995005782076174,
    "Israel": -2.816575872411475,
    "Italy": 0.47905918870545555,
    "Ivory Coast": 0.8333741624750957,
    "Jamaica": -5.567766912170594,
    "Japan": 1.036811396186831,
    "Jordan": 0.49523537076173024,
    "Kazakhstan": 0.36095905420587376,
    "Kenya": -3.479591175311133,
    "Kosovo": 0.1418677098850218,
    "Latvia": -2.1950818711881226,
    "Lebanon": -0.2603707284071941,
    "Lesotho": -2.5725797243051605,
    "Liberia": -3.387159407881102,
    "Libya": 1.4563442275890426,
    "Liechtenstein": -3.3183917926811333,
    "Lithuania": 0.9058930697465385,
    "Luxembourg": -4.16942033158688,
    "Madagascar": -1.5664361378227298,
    "Mali": -3.2604530998146957,
    "Malta": -0.18465458747649807,
    "Mauritania": 0.20125587716842985,
    "Mauritius": -3.0467440174403073,
    "Mexico": 0.928343650141784,
    "Moldova": 0.8946808406729012,
    "Montenegro": -0.06203564697477827,
    "Morocco": 1.3281940409436954,
    "Mozambique": -1.457623627784723,
    "Namibia": -3.387152982974353,
    "Netherlands": 1.2640011277595489,
    "New Zealand": 0.6091126139248568,
    "Nicaragua": -5.245392940801634,
    "Niger": -1.566421080847201,
    "Nigeria": 1.2119857437866746,
    "North Macedonia": -1.0928096033922232,
    "Northern Ireland": -0.3020323035164639,
    "Norway": 1.277731997734082,
    "Oman": -4.789108657599575,
    "Panama": 0.6079992432701121,
    "Paraguay": 0.5871722391383282,
    "Peru": 0.0033514552625405307,
    "Poland": 0.6498891090023566,
    "Portugal": 0.8160852116449188,
    "Puerto Rico": -4.227208583496308,
    "Qatar": 0.25818378260968355,
    "Republic of Ireland": 0.6331006040039107,
    "Romania": -0.15686114670532453,
    "Russia": 0.6930328980321201,
    "Rwanda": -2.344413982968746,
    "San Marino": -5.098144079397043,
    "Sao Tome and Principe": -3.640643789116731,
    "Saudi Arabia": 0.34432920318874344,
    "Scotland": 0.9859599120613525,
    "Senegal": 1.387365846566972,
    "Serbia": -0.4905999691412242,
    "Seychelles": -1.9846276619753627,
    "Slovakia": 0.3728408513268106,
    "Slovenia": 0.010548638902526226,
    "Somalia": -2.8676484660554347,
    "South Africa": -0.0023101903673872744,
    "South Korea": 0.7267124658720426,
    "South Sudan": -0.15971669533859967,
    "Spain": 1.1001666947190851,
    "Sudan": -3.7318148022930475,
    "Suriname": -1.0159288158850086,
    "Sweden": 1.0008927751014391,
    "Switzerland": 1.2454523873387267,
    "Tanzania": 0.6670838163871169,
    "Togo": -2.54007422907009,
    "Trinidad and Tobago": -1.4085090829136377,
    "Tunisia": 0.40403406037928313,
    "T\u00fcrkiye": 1.1963602196068217,
    "Uganda": 0.78129079491836,
    "Ukraine": -0.4522852651071074,
    "United Arab Emirates": 0.0864858544031284,
    "United States": 1.3890119028368695,
    "Uruguay": 0.4864658571748908,
    "Uzbekistan": 0.5680855980419275,
    "Venezuela": 0.31339398405719593,
    "Wales": 0.5506846999478812,
    "Zambia": -0.16516014508763738,
    "Zimbabwe": 0.2708873584305211
  },
  "defence": {
    "Albania": 0.066477900980425,
    "Algeria": 0.7975306335224822,
    "Andorra": 0.4503998958955186,
    "Angola": 0.4809329060316905,
    "Argentina": 1.240956293502773,
    "Armenia": -1.0067549030165326,
    "Australia": 1.063071377603539,
    "Austria": 0.596565949733387,
    "Azerbaijan": 0.43694052226307345,
    "Bahrain": 0.7942729558023446,
    "Belarus": 0.3766457184828358,
    "Belgium": 1.1019767556981155,
    "Bermuda": -2.0800690262386596,
    "Bolivia": 0.44755771433125696,
    "Bosnia-Herzegovina": 0.47271868736477546,
    "Botswana": 0.3126869926517703,
    "Brazil": 1.0148225030343658,
    "Bulgaria": -0.05831610717741217,
    "Burkina Faso": 4.743037271817974,
    "Burundi": 1.0985817910287599,
    "Cameroon": 0.888972488523186,
    "Canada": 1.2325890914055186,
    "Cape Verde": 0.6393571365940856,
    "Central African Republic": -1.8452559505555317,
    "Chad": -0.42277912743269114,
    "Chile": 0.2000835296090235,
    "China": 2.7509027410719855,
    "Colombia": 0.8942428323548594,
    "Comoros": -0.20032994588505448,
    "Congo": 1.77419144645894,
    "Congo DR": 0.8842551531412275,
    "Costa Rica": -0.13055340486609812,
    "Croatia": 0.6721872716801222,
    "Cura\u00e7ao": -0.1529315613354089,
    "Cyprus": 0.527114286927232,
    "Czechia": 0.19997794950116302,
    "Denmark": 0.612954192392306,
    "Djibouti": -0.05044588457361088,
    "Dominican Republic": -0.16712137800949836,
    "Ecuador": 1.4773077814161033,
    "Egypt": 1.0456289982694775,
    "El Salvador": 0.5350271056757184,
    "England": 1.2157729385713125,
    "Equatorial Guinea": 0.07917167765902519,
    "Estonia": 0.06914877296709673,
    "Eswatini": -0.1179416696470812,
    "Ethiopia": 0.6649060280231942,
    "Faroe Islands": 0.06647569802097796,
    "Finland": 0.6531270473493475,
    "France": 1.3140861568189464,
    "Gabon": 0.3872691737278233,
    "Gambia": 4.46775571225829,
    "Georgia": 0.09170559632278213,
    "Germany": 0.5195809597244871,
    "Ghana": 0.7140242002466306,
    "Gibraltar": -0.7653144278752376,
    "Greece": 0.3295703673453791,
    "Guatemala": -0.17477056990174722,
    "Guinea": 5.018514078446697,
    "Guinea-Bissau": 1.497272863036605,
    "Haiti": 0.3330044950868224,
    "Honduras": 1.281322114249107,
    "Hungary": -0.0071170140443950975,
    "Iceland": 0.5003865722258592,
    "Indonesia": -0.44443671757871295,
    "Iran": 1.3220541951306781,
    "Iraq": 0.412471910001859,
    "Israel": -0.1364918119244766,
    "Italy": 0.16922494844369085,