{
  "attack": {
    "Albania": 0.3473908470522011,
    "Algeria": 0.6255971314355149,
    "Andorra": -0.44497771234042405,
    "Angola": -0.27534003443840793,
    "Argentina": 0.7619663684507969,
    "Armenia": -0.09759571049117967,
    "Australia": 0.15073996957279737,
    "Austria": 0.6341834179742584,
    "Azerbaijan": -0.04346601640728315,
    "Bahrain": 0.017265108074728943,
    "Belarus": -0.23674747653578684,
    "Belgium": 1.0667037786418752,
    "Bermuda": -0.26351517012080794,
    "Bolivia": -0.568994176947138,
    "Bosnia-Herzegovina": 0.3361663290761687,
    "Botswana": 0.1043621774959112,
    "Brazil": 0.8245985769826831,
    "Bulgaria": -0.49162842059010203,
    "Burkina Faso": -0.3136574461882015,
    "Burundi": -0.1676576936996024,
    "Cameroon": -0.56038375644931,
    "Canada": 0.27095926613962273,
    "Cape Verde": 0.32495659019726225,
    "Central African Republic": -0.33238957494296195,
    "Chad": 0.026933238030395563,
    "Chile": 0.22548825302406747,
    "China": 0.043402278335780975,
    "Colombia": 0.6410882352436901,
    "Comoros": -0.25988510473193766,
    "Congo": -0.1586917741598454,
    "Congo DR": 0.29116510146365604,
    "Costa Rica": 0.1753839242832961,
    "Croatia": 0.34988592837119487,
    "Cura\u00e7ao": -0.07611172610180594,
    "Cyprus": -0.1935676699552095,
    "Czechia": 0.11910827317396247,
    "Denmark": 0.030888485104630447,
    "Djibouti": -0.29152761501043545,
    "Dominican Republic": 0.06026587696807616,
    "Ecuador": -0.04678166137559146,
    "Egypt": 0.4568035855041197,
    "El Salvador": -0.9513471856198806,
    "England": 0.6349172081678855,
    "Equatorial Guinea": -0.4061960939128063,
    "Estonia": 0.06933455570513994,
    "Eswatini": -0.2965001635704675,
    "Ethiopia": -0.24502136641548666,
    "Faroe Islands": 0.012546643216950072,
    "Finland": -0.2044688319801245,
    "France": 0.8684428836002629,
    "Gabon": -0.22527647268299825,
    "Gambia": -0.22289277207601038,
    "Georgia": -0.04555705045305744,
    "Germany": 1.0542480094691729,
    "Ghana": -0.10177424810684825,
    "Gibraltar": -0.5354664948237688,
    "Greece": 0.3469250204080331,
    "Guatemala": -0.12316741020577747,
    "Guinea": -0.35077616916720666,
    "Guinea-Bissau": -0.22631909916537196,
    "Haiti": 0.0609117289987756,
    "Honduras": -0.007965118938106433,
    "Hungary": 0.6916794752066915,
    "Iceland": 0.4042021611659934,
    "Indonesia": -0.0503418218339667,
    "Iran": 0.10523901913410298,
    "Iraq": -0.32668986783743764,
    "Israel": -0.29979475705465886,
    "Italy": 0.019260628109173374,
    "Ivory Coast": 0.4698818058148456,
    "Jamaica": -0.7895056925404434,
    "Japan": 0.5224130628968826,
    "Jordan": 0.04710300678787984,
    "Kazakhstan": -0.06635708312549123,
    "Kenya": -0.4175139457298002,
    "Kosovo": -0.18925277571687674,
    "Latvia": -0.2461147572343783,
    "Lebanon": -0.16749473662582176,
    "Lesotho": -0.29087958301425804,
    "Liberia": -0.37087987836618563,
    "Libya": 0.6027439078020533,
    "Liechtenstein": -0.4056212976561216,
    "Lithuania": 0.14080166961429885,
    "Luxembourg": -0.5228528661164132,
    "Madagascar": -0.1726453261680796,
    "Mali": -0.39475900817698883,
    "Malta": -0.26493060087211384,
    "Mauritania": -0.106040367762496,
    "Mauritius": -0.35038663788363034,
    "Mexico": 0.4834791492795845,
    "Moldova": 0.06933364784589346,
    "Montenegro": -0.21759323183875814,
    "Morocco": 0.6966686471905119,
    "Mozambique": -0.15869375345968295,
    "Namibia": -0.37088075149803984,
    "Netherlands": 0.7722952906059892,
    "New Zealand": 0.10676041274215002,
    "Nicaragua": -0.8153939381352122,
    "Niger": -0.17265020333657585,
    "Nigeria": 0.47950548176567404,
    "North Macedonia": -0.587831362882455,
    "Northern Ireland": -0.18956511121652686,
    "Norway": 0.887493144753614,
    "Oman": -0.6755475015092622,
    "Panama": 0.11699555873497347,
    "Paraguay": 0.14287790382986196,
    "Peru": -0.2531463171950857,
    "Poland": 0.10762666498395379,
    "Portugal": 0.4792038012156017,
    "Puerto Rico": -0.5758154775157164,
    "Qatar": -0.26661079774365076,
    "Republic of Ireland": 0.1627488951086927,
    "Romania": -0.32204726390323574,
    "Russia": 0.19689266463176933,
    "Rwanda": -0.24445668482526026,
    "San Marino": -0.7166302686742676,
    "Sao Tome and Principe": -0.4344177716601194,
    "Saudi Arabia": 0.004286674070182981,
    "Scotland": 0.4977081629457296,
    "Senegal": 0.8867901780931201,
    "Serbia": -0.424767635025202,
    "Seychelles": -0.21874438197458326,
    "Slovakia": 0.06486134496365782,
    "Slovenia": -0.2234485696969725,
    "Somalia": -0.32383524706591427,
    "South Africa": -0.11852747639591044,
    "South Korea": 0.3867321600313081,
    "South Sudan": -0.22850977855108115,
    "Spain": 0.6361531769424789,
    "Sudan": -0.45012623790185285,
    "Suriname": -0.39701072906434426,
    "Sweden": 0.45084592265749995,
    "Switzerland": 0.685650231915098,
    "Tanzania": 0.12692518311868667,
    "Togo": -0.27569406031856275,
    "Trinidad and Tobago": -0.6516870490465541,
    "Tunisia": 0.23836334595491399,
    "T\u00fcrkiye": 0.6449922262836515,
    "Uganda": 0.19758292976702152,
    "Ukraine": -0.4040224267890749,
    "United Arab Emirates": -0.13733799959089002,
    "United States": 0.8521257963060205,
    "Uruguay": 0.059806362825262374,
    "Uzbekistan": 0.057044800240817775,
    "Venezuela": -0.1338786703865085,
    "Wales": 0.024040512375306262,
    "Zambia": -0.2443515045989841,
    "Zimbabwe": -0.020813374754473125
  },
  "defence": {
    "Albania": -0.19103321574474882,
    "Algeria": 0.3706786019766688,
    "Andorra": 0.06240159338332997,
    "Angola": 0.045504059942440556,
    "Argentina": 0.5851143052613974,
    "Armenia": -1.1528481120839087,
    "Australia": 0.5552149001244009,
    "Austria": 0.2367015836473184,
    "Azerbaijan": -0.07116443809559757,
    "Bahrain": 0.09983243250040938,
    "Belarus": -0.03943630125190243,
    "Belgium": 0.6473512670857727,
    "Bermuda": -1.2607071782045278,
    "Bolivia": 0.01397120948494443,
    "Bosnia-Herzegovina": 0.09633663602749333,
    "Botswana": -0.13492391513332602,
    "Brazil": 0.4845536667867826,
    "Bulgaria": -0.4812769175393486,
    "Burkina Faso": 0.5142906936536555,
    "Burundi": 0.2768314219552337,
    "Cameroon": 0.26594193983503345,
    "Canada": 0.6012601329467923,
    "Cape Verde": 0.26429880686660545,
    "Central African Republic": -1.106691094245036,
    "Chad": -0.023846339308551318,
    "Chile": -0.17075342809360275,
    "China": 0.3412890077411005,
    "Colombia": 0.5440523391163514,
    "Comoros": 0.05138914986315621,
    "Congo": 0.3790103461613049,
    "Congo DR": 0.4839925053261896,
    "Costa Rica": -0.5335393731108738,
    "Croatia": 0.29929071169270977,
    "Cura\u00e7ao": -0.3592273497137806,
    "Cyprus": 0.09927664303212719,
    "Czechia": -0.03647386313172594,
    "Denmark": 0.1406969200910202,
    "Djibouti": -0.35286554964243405,
    "Dominican Republic": -0.40765398947789916,
    "Ecuador": 0.8665516665247972,
    "Egypt": 0.5100648625116629,
    "El Salvador": 0.0663999700414818,
    "England": 0.7292961021207557,
    "Equatorial Guinea": 0.09323122732254024,
    "Estonia": -0.16832858852425509,
    "Eswatini": -0.3033551560606431,
    "Ethiopia": 0.004630922131254449,
    "Faroe Islands": -0.09149071586259161,
    "Finland": 0.19713713057703744,
    "France": 0.7120808049163124,
    "Gabon": 0.010833018720185113,
    "Gambia": 0.4672651894637055,
    "Georgia": -0.3491546343274532,
    "Germany": 0.27228489780580506,
    "Ghana": 0.33562136712143753,
    "Gibraltar": -0.8210418038965525,
    "Greece": -0.11440198366869946,
    "Guatemala": -0.5476089207001396,
    "Guinea": 0.5756745704093877,
    "Guinea-Bissau": 0.2711845293470081,
    "Haiti": -0.037371240973215196,
    "Honduras": 0.5443377951679913,
    "Hungary": -0.21255472825668864,
    "Iceland": 0.0242110059515764,
    "Indonesia": -0.46026267524275655,