{
  "attack": {
    "Albania": 1.0427490884368058,
    "Algeria": 1.17719262054116,
    "Andorra": -3.7726387336295533,
    "Angola": -2.5101279286642177,
    "Argentina": 1.2504688515377371,
    "Armenia": 0.8145875043533104,
    "Australia": 0.6618265260783084,
    "Austria": 1.0898555085681132,
    "Azerbaijan": 0.6279220386076567,
    "Bahrain": 0.31368356992093555,
    "Belarus": -0.15028061300237813,
    "Belgium": 1.5577663958691934,
    "Bermuda": -0.21704587871065942,
    "Bolivia": -0.47995246908452815,
    "Bosnia-Herzegovina": 0.7306836964909603,
    "Botswana": 0.8800509101103454,
    "Brazil": 1.313274661431744,
    "Bulgaria": -0.6755989287210701,
    "Burkina Faso": -2.7546634996611368,
    "Burundi": -1.7012153142270812,
    "Cameroon": -4.195532958565645,
    "Canada": 0.7375564377776903,
    "Cape Verde": 0.7451907867708892,
    "Central African Republic": -3.0112525801599093,
    "Chad": 0.5720765259013412,
    "Chile": 0.8037049785941863,
    "China": 0.3287034995714837,
    "Colombia": 1.1897298988422658,
    "Comoros": -2.6116544693010306,
    "Congo": -1.5040541000801322,
    "Congo DR": 0.8538932876770708,
    "Costa Rica": 0.6716198475361066,
    "Croatia": 0.6026043854042431,
    "Cura\u00e7ao": -0.44792572313584356,
    "Cyprus": 0.06401266269088604,
    "Czechia": 0.43362089600615394,
    "Denmark": 0.47074845679734606,
    "Djibouti": -2.678848503877452,
    "Dominican Republic": 0.4287970728113856,
    "Ecuador": 0.38396085078083697,
    "Egypt": 1.0910035161522937,
    "El Salvador": -6.144339796223284,
    "England": 1.0313788582598544,
    "Equatorial Guinea": -3.549427105579143,
    "Estonia": 0.8426184965090968,
    "Eswatini": -2.8157996935970355,
    "Ethiopia": -2.4412450413293647,
    "Faroe Islands": 0.3833996842735748,
    "Finland": 0.06817080878958312,
    "France": 1.4091959331554333,
    "Gabon": -0.06212655964560934,
    "Gambia": -2.005447670905158,
    "Georgia": 0.39908979582762405,
    "Germany": 1.6432041134100577,
    "Ghana": -0.16120096931095584,
    "Gibraltar": -4.4543984114346005,
    "Greece": 0.9211379456794092,
    "Guatemala": 0.11754950040528198,
    "Guinea": -3.006691885217129,
    "Guinea-Bissau": -2.2981741950777743,
    "Haiti": 0.4875541527554356,
    "Honduras": 0.4384376561540007,
    "Hungary": 1.9069710124382118,
    "Iceland": 1.1194082878076976,
    "Indonesia": 0.33073721298485936,
    "Iran": 0.6418221999082757,
    "Iraq": -0.09811197464956925,
    "Israel": -2.8662081234495806,
    "Italy": 0.47605619804419486,
    "Ivory Coast": 0.8343466054433195,
    "Jamaica": -5.608620864975315,
    "Japan": 1.0529151740609368,
    "Jordan": 0.49721959970072843,
    "Kazakhstan": 0.36373704983314326,
    "Kenya": -3.5439139814707934,
    "Kosovo": 0.1683642809590657,
    "Latvia": -2.247555241094644,
    "Lebanon": -0.2173326557662618,
    "Lesotho": -2.6424068011181836,
    "Liberia": -3.4575513336710326,
    "Libya": 1.4925625103489744,
    "Liechtenstein": -3.3759551267741723,
    "Lithuania": 0.8458746760136864,
    "Luxembourg": -4.273604783736022,
    "Madagascar": -1.614709849626203,
    "Mali": -3.325789155365645,
    "Malta": -0.15055649812059332,
    "Mauritania": 0.17287442598515634,
    "Mauritius": -3.0645335392788735,
    "Mexico": 0.9919957475139141,
    "Moldova": 0.8426062904186868,
    "Montenegro": -0.048918728332803155,
    "Morocco": 1.3253334275964817,
    "Mozambique": -1.5040203687182196,
    "Namibia": -3.4575625227906968,
    "Netherlands": 1.2739526837168822,
    "New Zealand": 0.6627524837202255,
    "Nicaragua": -5.3219461773255885,
    "Niger": -1.6146769033359187,
    "Nigeria": 1.1309193308906431,
    "North Macedonia": -0.9754663868282599,
    "Northern Ireland": -0.2719598125193246,
    "Norway": 1.2703721861724195,
    "Oman": -4.890353827264867,
    "Panama": 0.6179343360300283,
    "Paraguay": 0.6103322801762386,
    "Peru": -0.018069382056411107,
    "Poland": 0.6222071005157732,
    "Portugal": 0.8264863298105839,
    "Puerto Rico": -4.410237070969632,
    "Qatar": 0.2482145574131091,
    "Republic of Ireland": 0.6468188005137806,
    "Romania": -0.1673613356089388,
    "Russia": 0.6766258791677523,
    "Rwanda": -2.4064397651764744,
    "San Marino": -5.167758783606922,
    "Sao Tome and Principe": -3.7146396434656856,
    "Saudi Arabia": 0.3527339397155519,
    "Scotland": 0.9977097129408515,
    "Senegal": 1.389396827237528,
    "Serbia": -0.4461319321014453,
    "Seychelles": -2.0355056961160374,
    "Slovakia": 0.37964443322955527,
    "Slovenia": 0.09173141088476136,
    "Somalia": -2.9293274303384216,
    "South Africa": 0.03291465345026173,
    "South Korea": 0.8034981483825321,
    "South Sudan": -0.13623361243760243,
    "Spain": 1.1196096463600111,
    "Sudan": -3.810480512592416,
    "Suriname": -0.8885807784345711,
    "Sweden": 1.0133356398867883,
    "Switzerland": 1.1936473555022356,
    "Tanzania": 0.6666387126097192,
    "Togo": -2.6214591268469967,
    "Trinidad and Tobago": -1.264535243908973,
    "Tunisia": 0.45681695965626046,
    "T\u00fcrkiye": 1.2005811175860308,
    "Uganda": 0.7925435260895687,
    "Ukraine": -0.4113054504538498,
    "United Arab Emirates": 0.09673634285542702,
    "United States": 1.3949256745947105,
    "Uruguay": 0.5134492631391202,
    "Uzbekistan": 0.5950924850111341,
    "Venezuela": 0.2828791938820795,
    "Wales": 0.5277428088013291,
    "Zambia": -0.16638803003068534,
    "Zimbabwe": 0.3098621259368098
  },
  "defence": {
    "Albania": 0.0997779127240824,
    "Algeria": 0.7867779463980733,
    "Andorra": 0.4232091634057302,
    "Angola": 0.5007950373251344,
    "Argentina": 1.093195459450642,
    "Armenia": -1.004809359375961,
    "Australia": 1.0923589663288118,
    "Austria": 0.5921060809443986,
    "Azerbaijan": 0.40307463005991884,
    "Bahrain": 0.7463474138961694,
    "Belarus": 0.4039830986163053,
    "Belgium": 1.159924749574834,
    "Bermuda": -1.942267730114985,
    "Bolivia": 0.49841408502665896,
    "Bosnia-Herzegovina": 0.4673437490391728,
    "Botswana": 0.28170260498203453,
    "Brazil": 1.0185874233288703,
    "Bulgaria": -0.05633421287611193,
    "Burkina Faso": 4.984893502997881,
    "Burundi": 1.0690413845232472,
    "Cameroon": 0.8891508607148445,
    "Canada": 1.2081574790749996,
    "Cape Verde": 0.7206063996439309,
    "Central African Republic": -1.8030882866195665,
    "Chad": -0.2874138230184171,
    "Chile": 0.2204854980685245,
    "China": 2.786411319718291,
    "Colombia": 1.0651388736270642,
    "Comoros": -0.08247208390887867,
    "Congo": 1.690515091120118,
    "Congo DR": 0.870942355779465,
    "Costa Rica": -0.16440708250405112,
    "Croatia": 0.6503330497668586,
    "Cura\u00e7ao": -0.1291403388312808,
    "Cyprus": 0.5609785916547474,
    "Czechia": 0.2201098322276348,
    "Denmark": 0.6251859484238143,
    "Djibouti": -0.026511265731929072,
    "Dominican Republic": -0.14842339978257774,
    "Ecuador": 1.5619052935406927,
    "Egypt": 0.897578144579819,
    "El Salvador": 0.49467633445688275,
    "England": 1.2559319400378173,
    "Equatorial Guinea": 0.20595134897504497,
    "Estonia": 0.041535416942884505,
    "Eswatini": -0.12851806134103724,
    "Ethiopia": 0.6491530152324116,
    "Faroe Islands": 0.13194008378927174,
    "Finland": 0.6733997207165396,
    "France": 1.3229413808811386,
    "Gabon": 0.3762446970288078,
    "Gambia": 4.545985442978205,
    "Georgia": 0.08217000134988353,
    "Germany": 0.5417766162771545,
    "Ghana": 0.7435542461775486,
    "Gibraltar": -0.7950283372269353,
    "Greece": 0.34434027631628233,
    "Guatemala": -0.1797024931102853,
    "Guinea": 5.082368557762892,
    "Guinea-Bissau": 1.5102393714777866,
    "Haiti": 0.36998856751860026,
    "Honduras": 1.3250226190400736,
    "Hungary": 0.024127401350506634,
    "Iceland": 0.5188529402869014,
    "Indonesia": -0.42768529874918065,
    "Iran": 1.3112153415695846,
    "Iraq": 0.410945685573145,
    "Israel": -0.15289297223320772,
    "Italy": 0.1951184510421021,