{
  "attack": {
    "Albania": 0.34618805059361485,
    "Algeria": 0.6236018904731485,
    "Andorra": -0.4426864555703417,
    "Angola": -0.2756764793274221,
    "Argentina": 0.7610106485463751,
    "Armenia": -0.09754795473860356,
    "Australia": 0.15114590526377697,
    "Austria": 0.633350476512702,
    "Azerbaijan": -0.01750234682563765,
    "Bahrain": 0.01048880314238072,
    "Belarus": -0.23924133950265292,
    "Belgium": 1.0672392727101647,
    "Bermuda": -0.2631308432624693,
    "Bolivia": -0.5695966546078873,
    "Bosnia-Herzegovina": 0.33594944738212545,
    "Botswana": 0.10505183112238821,
    "Brazil": 0.8236020964090193,
    "Bulgaria": -0.4915584798472562,
    "Burkina Faso": -0.3136375258648522,
    "Burundi": -0.16630234103102254,
    "Cameroon": -0.5596503117485118,
    "Canada": 0.2684377948134449,
    "Cape Verde": 0.3248134988915013,
    "Central African Republic": -0.3321444817146087,
    "Chad": 0.027066533248408783,
    "Chile": 0.22609750519735716,
    "China": 0.043056202359636926,
    "Colombia": 0.6434321871232264,
    "Comoros": -0.2588328573765294,
    "Congo": -0.16874778625435038,
    "Congo DR": 0.28992401955289926,
    "Costa Rica": 0.1733913567999954,
    "Croatia": 0.34935746213616653,
    "Cura\u00e7ao": -0.07656198945077233,
    "Cyprus": -0.19387678996006902,
    "Czechia": 0.11780220519946263,
    "Denmark": 0.029256961458469982,
    "Djibouti": -0.29148658046468795,
    "Dominican Republic": 0.061335023466735014,
    "Ecuador": -0.049410691117466723,
    "Egypt": 0.45641905833422297,
    "El Salvador": -0.9511196910840817,
    "England": 0.6345912608908546,
    "Equatorial Guinea": -0.4062604693754104,
    "Estonia": 0.07132186379091095,
    "Eswatini": -0.29548274487405174,
    "Ethiopia": -0.24419708192208545,
    "Faroe Islands": 0.012005002985767486,
    "Finland": -0.2028182041583267,
    "France": 0.8975050316386881,
    "Gabon": -0.22417461124801452,
    "Gambia": -0.22221902608512983,
    "Georgia": -0.04545443278044829,
    "Germany": 1.054031911638689,
    "Ghana": -0.10137264114080204,
    "Gibraltar": -0.5346897339518063,
    "Greece": 0.34661314993489584,
    "Guatemala": -0.12316628444933889,
    "Guinea": -0.3509911362359735,
    "Guinea-Bissau": -0.22551151236345168,
    "Haiti": 0.05844343737149724,
    "Honduras": -0.011663621334788312,
    "Hungary": 0.6916797169616177,
    "Iceland": 0.42470960793493173,
    "Indonesia": -0.04877222835287075,
    "Iran": 0.10485252465522586,
    "Iraq": -0.3231500763062909,
    "Israel": -0.2981289276199046,
    "Italy": 0.0204536438256717,
    "Ivory Coast": 0.4738706098788261,
    "Jamaica": -0.789140508109103,
    "Japan": 0.5234891923417806,
    "Jordan": 0.046826028466161636,
    "Kazakhstan": -0.06605954229778085,
    "Kenya": -0.41523725205381723,
    "Kosovo": -0.18777543515618156,
    "Latvia": -0.24617867819698142,
    "Lebanon": -0.16686361784102732,
    "Lesotho": -0.2911932470712844,
    "Liberia": -0.3698905517704227,
    "Libya": 0.6025337831383899,
    "Liechtenstein": -0.40525884322234385,
    "Lithuania": 0.13881788282588103,
    "Luxembourg": -0.5224099976672316,
    "Madagascar": -0.1834981222538895,
    "Mali": -0.3936886047731631,
    "Malta": -0.2662945429081602,
    "Mauritania": -0.10413743638005421,
    "Mauritius": -0.3502710723279655,
    "Mexico": 0.4832317771796964,
    "Moldova": 0.07132060375546947,
    "Montenegro": -0.21809883985137768,
    "Morocco": 0.6498049142582831,
    "Mozambique": -0.1687499834607077,
    "Namibia": -0.36988851422839253,
    "Netherlands": 0.7688486024952959,
    "New Zealand": 0.10654474256795544,
    "Nicaragua": -0.8171839272683797,
    "Niger": -0.183497464389819,
    "Nigeria": 0.4802025223458259,
    "North Macedonia": -0.5866863772280112,
    "Northern Ireland": -0.18911429040873073,
    "Norway": 0.8922453180937998,
    "Oman": -0.6758930031238557,
    "Panama": 0.1164962705241071,
    "Paraguay": 0.146471050046855,
    "Peru": -0.2527352034659181,
    "Poland": 0.10786333974527319,
    "Portugal": 0.4782550602429376,
    "Puerto Rico": -0.5763705021790095,
    "Qatar": -0.2693130824481484,
    "Republic of Ireland": 0.16190359507613583,
    "Romania": -0.32214329201031544,
    "Russia": 0.19658714477713085,
    "Rwanda": -0.24393585695331604,
    "San Marino": -0.7163930757111399,
    "Sao Tome and Principe": -0.4345098917507269,
    "Saudi Arabia": 0.005013548263455349,
    "Scotland": 0.4932009611466146,
    "Senegal": 0.8901219264803819,
    "Serbia": -0.4240915481622598,
    "Seychelles": -0.21781558003204582,
    "Slovakia": 0.06529246787387982,
    "Slovenia": -0.22130728159969404,
    "Somalia": -0.3240358372229721,
    "South Africa": -0.12179428941772961,
    "South Korea": 0.3859721362459245,
    "South Sudan": -0.22782830334035115,
    "Spain": 0.636072482266885,
    "Sudan": -0.4482786693165099,
    "Suriname": -0.3971585209562192,
    "Sweden": 0.45554159138525796,
    "Switzerland": 0.686013773426377,
    "Tanzania": 0.12829818222129602,
    "Togo": -0.2755588930398517,
    "Trinidad and Tobago": -0.651208888053751,
    "Tunisia": 0.2376529408126472,
    "T\u00fcrkiye": 0.6447700794815858,
    "Uganda": 0.19046916798466812,
    "Ukraine": -0.38855687561695346,
    "United Arab Emirates": -0.1344250486093327,
    "United States": 0.8514959289829097,
    "Uruguay": 0.060294749500255845,
    "Uzbekistan": 0.05672556273268406,
    "Venezuela": -0.13424153743608014,
    "Wales": 0.02321202918613949,
    "Zambia": -0.25356869790508607,
    "Zimbabwe": -0.020640288952728875
  },
  "defence": {
    "Albania": -0.1920822593672865,
    "Algeria": 0.37098314724434167,
    "Andorra": 0.06436426694028971,
    "Angola": 0.04423712500633347,
    "Argentina": 0.5843649823185637,
    "Armenia": -1.1528383261782411,
    "Australia": 0.5568610138717385,
    "Austria": 0.23745063498646707,
    "Azerbaijan": -0.048670057718827445,
    "Bahrain": 0.0802014303961947,
    "Belarus": -0.041812504901067166,
    "Belgium": 0.6484323840965585,
    "Bermuda": -1.260236157084136,
    "Bolivia": 0.014482567449818391,
    "Bosnia-Herzegovina": 0.09739667922141396,
    "Botswana": -0.13476834047131342,
    "Brazil": 0.48421582454957984,
    "Bulgaria": -0.4804343031255244,
    "Burkina Faso": 0.5135151244990039,
    "Burundi": 0.27958061231950443,
    "Cameroon": 0.26667033034536314,
    "Canada": 0.5991059027606385,
    "Cape Verde": 0.26593465955766216,
    "Central African Republic": -1.1073756605590417,
    "Chad": -0.024321022082711787,
    "Chile": -0.16984470164228577,
    "China": 0.34060756526819314,
    "Colombia": 0.5469367626949677,
    "Comoros": 0.05224252557033204,
    "Congo": 0.3583498407747679,
    "Congo DR": 0.48550081638711057,
    "Costa Rica": -0.5318463654368997,
    "Croatia": 0.3005194300594105,
    "Cura\u00e7ao": -0.3578359686764608,
    "Cyprus": 0.09902741951709641,
    "Czechia": -0.03694351978444024,
    "Denmark": 0.13975166629313632,
    "Djibouti": -0.3538848981697569,
    "Dominican Republic": -0.4060276715912648,
    "Ecuador": 0.8635938848766749,
    "Egypt": 0.5111983289178708,
    "El Salvador": 0.06699585385174385,
    "England": 0.7295906342318309,
    "Equatorial Guinea": 0.09235695067546668,
    "Estonia": -0.16368408660896483,
    "Eswatini": -0.302173584597585,
    "Ethiopia": 0.005567365343591911,
    "Faroe Islands": -0.09177818333942114,
    "Finland": 0.19964477153191612,
    "France": 0.787905424804841,
    "Gabon": 0.012283108752511887,
    "Gambia": 0.4675776548797637,
    "Georgia": -0.3483302387832734,
    "Germany": 0.2736681188532484,
    "Ghana": 0.3377294651510674,
    "Gibraltar": -0.8196857261761125,
    "Greece": -0.11386307113653572,
    "Guatemala": -0.5470265533303438,
    "Guinea": 0.5743118140814062,
    "Guinea-Bissau": 0.27195188558746947,
    "Haiti": -0.04447301881245932,
    "Honduras": 0.5444264304447647,
    "Hungary": -0.21266223384555077,
    "Iceland": 0.03759710753011303,
    "Indonesia": -0.4587930917290614,